các,có,dáng,hình,mùi,như,nào,quả,thế,vị
0.3170107295865702,0.3170107295865702,0.0,0.0,0.44554751932983694,0.3170107295865702,0.3170107295865702,0.3170107295865702,0.3170107295865702,0.44554751932983694
0.3170107295865702,0.3170107295865702,0.44554751932983694,0.44554751932983694,0.0,0.3170107295865702,0.3170107295865702,0.3170107295865702,0.3170107295865702,0.0
